1,4yz47x1t7ls
1,wvh3l-hx4g4
1,g8rdn0mprxe
1,9hv-z1u05b7
1,2fjdvwex_kk
2,nbgz594zg4l
2,_uqrzclw7xm
2,ml559a1cgpv
2,ybzjf1tj_ga
2,ys8zm9emsud
3,_nnw8fxwnjg
3,e97rnrgp_va
3,gpqedh13e7j
3,yt7n438zqjd
3,ndsmtyap49x
4,p3fr8k7ly-l
4,ts1a3_8ptxt
4,n3c8eb6cp7x
4,52cyyhla0a9
4,ue504-2a9be
5,3-wu2bn646l
5,mfkjdp9glzf
5,8_4z8pubj7r
5,d5_08ar-g0y
5,a03vq6kjvbf
6,nmr-7enpunt
6,lp8ufh09n0b
6,rhhvl9tf96k
6,cmalzjrp-8e
6,mww0p3u0jkg
7,a-c9h2_pepd
7,puc4e_5_3_j
7,7tpqqatbrs0
7,m4pbab2a67h
7,p3apqt64r5q
8,u2vf9h635c4
8,br7wjmpykdy
8,2ddt-xcav70
8,vf1e8kdpvfy
8,130u84nsnuk
9,a41a-ke460h
9,7wvk7wwdx0-
9,c0drdth7t7h
9,c_-ggg5kg-x
9,acm5btyxsnr
10,n5a8x19e2dy
10,glfkl39p-k1
10,xflxpcjqmy6
10,1vzcs-dp7ec
10,z4r2cvng05f
11,d-49s6xjv5j
11,zjvq9tcbx8l
11,fwa9qfexd6k
11,xzt0p4w4v6m
11,bl4tp97gxn0
12,cz3zvz8lm29
12,yh2eeyrlynt
12,dakabjlm8rm
12,hrr8st2kgwn
12,7tee28x3s-6
13,73qg9vmaz-t
13,-s57n7jvtkj
13,3h3dmqutxwa
13,kcnb5tcvbm5
13,qa26n26xcs9
14,xr20w2n08_q
14,vn02t-8j5hm
14,0alvs_fa2bx
14,1hz85bxn0ru
14,ek11t0h-b-g
15,p5-hg_w8e4r
15,2hyyg4lxat1
15,m-a0m9h6cyr
15,t9_h23jr8v-
15,8d-_mvt1sbd
16,xx7sqk-n7f_
16,4z-k9cj-u0h
16,rs9c7rp55pl
16,02vwslg0_y7
16,wm7bwg2rq2c
17,b-atj2vtzr4
17,rcfqv57mcxt
17,yr8bs5e--hf
17,kl-gpenjgru
17,f5_e8xemlct
18,1gc58m_w9ae
18,g_gkm57vu58
18,aw5ura_pyym
18,wxa1aeu4e6m
18,-vgt4_61_h8
19,v14exxg7zc-
19,m7n8q1asf5e
19,hzf8fn5nqjk
19,mmmnpj8gbj2
19,5sefx91ynwy
20,d3f4t6uu3jc
20,y70xuqr8-q4
20,_u5hq-vrmt9
20,e-6juq5ypyn
20,rc2ujjmdzly
21,pu5ed7hjnbk
21,tdgh6bs7g08
21,7vbdxxglbtv
21,83n-jgy46lc
21,leaaacgdgy0
22,qtapxw5gks3
22,3l5pq8aw5qg
22,u3gg1c65b6z
22,_2hzsn30k3g
22,ww7g9wsfjkl
23,pymd2j2r-ua
23,u8ac56x2fju
23,2z7ekfnm7mn
23,383p1zbdu-k
23,ykg8qf71pq8
24,x42uyzl22kk
24,k3b9fyx7-8n
24,0m5ykm12czk
24,9fkk8h78vc4
24,cjaer40l9au
25,p71lh-lg50c
25,e_ez_g5ckvj
25,kex304rdnu5
25,humgef8k8_h
25,2yerx4z5crh
26,j5a6qh2k_mr
26,u-de_sq9rm7
26,l7s0mba6dkk
26,xlpx0nk5xhw
26,86dq7rtxbch
27,r3tn3wfbn9q
27,25f3_cbt0wr
27,sj1zz2bwu2a
27,v2-teqmhq8y
27,5gxcyscqp88
28,39xxjn77r-5
28,1bnpal0nmnm
28,qb9q68d6l-t
28,d_6fp6s7krc
28,g8me779mry4
29,v_xst30djf7
29,t0q4be8n5m5
29,hrnv09-puw1
29,l4p9fmgp2k5
29,_pnjvz4tsyr
30,5slbr4e0-zc
30,k-hmu284668
30,-5cey64r9rb
30,zf2fkh785z5
30,vqda1_17p84
31,fhadq6bp46s
31,l8m_sh34dnf
31,5atskr240xc
31,t-887nykr7q
31,63z4_z9yq-c
32,bjlrfqc24k7
32,sz_db31be0m
32,lb53yd7j6j2
32,umm7p-crf4u
32,pgtdvw8esc4
33,1l8b5ue7cle
33,5q1cvfn1vda
33,vp69k-bdyp2
33,n28gy89rp86
33,myp6z90jjqs
34,7tbreje8xz5
34,kwparq-8u8r
34,rhq5wg7us-n
34,4fjd8cyrqlp
34,xk_drlt84t8
35,-7k98sbf8vh
35,blw3dmu4dq8
35,q0gykkdrvul
35,g9t8jc9q_2r
35,mbvyyxq9gl9
36,5pvdh0f4dlb
36,l-wqv1t8uw8
36,r-wal5ry9-_
36,9l4hgv2umma
36,90c2enaw9pj
37,fj10k2km-wr
37,5hyevdurrg0
37,k86d6s468f8
37,afbkrwbq57b
37,2uw1y-3r05l
38,5au6mthgdld
38,k96urk70yxw
38,rdh9wdqezmw
38,q2gf7p0p0kf
38,9pewph7he3s
39,agv0dul54dl
39,08mpx1c_e02
39,xrs_nbnx14u
39,7-6bvtyh402
39,w9b593khbpb
40,wm0b9-dnh7j
40,tqc5zvsfec-
40,f8n-07jcp80
40,7_r6d-m69wr
40,z119u3aulqj
41,fnhvrglu2sm
41,wbws6j8em4a
41,tgypzln-x1y
41,9uh0upnr68r
41,5grw1xcs27x
42,ezjrdqnwfyd
42,5swg46p9cwf
42,2lda9fmlgjz
42,al44a27fwh3
42,k81q2xdm8yu
43,ahrh_xbclq9
43,qlw8puxqm28
43,rrayy3ec6r6
43,xlf0j1zypje
43,6ndyfz3e3df
44,49mj7slr9zh
44,au-v7m45xle
44,qmxsu3cr0yk
44,-_xa-cmvn_s
44,x8bgug3dq2f
45,6us8cg1v8lp
45,qm9hgxz8-d3
45,x3w4t0mkdsf
45,s03ww7rkd8j
45,25mt7y6t8b_
46,3b4u20q2pv_
46,yx70xgu1e2c
46,ptzemh_bxhf
46,f0tay_n8zc5
46,z5zeub-zhe1
47,scu5c8tq7r6
47,3p8wf9wm_0y
47,8j4fnjvk_xk
47,nz4xbp_68f7
47,l2cv9r6fv4e
48,4tmuldgunj-
48,fq_mas5pf-n
48,5m23xp4jp0h
48,l4mq-jv820s
48,w0-sv68ndbs
49,3g1ayv4-el3
49,hjb573zkmcd
49,6g9vaarzsqm
49,ff8lj-jtzrt
49,tpyncyz62hv
50,e5ztte_l9b6
50,-mf2g49ygtu
50,h8lv8j23fs7
50,fhwg0_22etq
50,0291bca4bz0
51,86dwexvw-nd
51,skbdlqaf9vq
51,39epuxyckz0
51,ptpuu2hp5d-
51,jezbmqycnas
52,65301zjqqft
52,1wjmd-nfw9r
52,fskkumnan7w
52,rc59g7pm1ul
52,kg4-e2wly-n
53,cgwp34mb4xk
53,_6pelgjd9y2
53,ajw7rmqwkvk
53,l2-_61_b5qw
53,_124qvbyslv
54,ysfw5-4rkfn
54,zumpsr1yb8k
54,vmvpcbbucf6
54,gds85zw9quc
54,_n6gr5u-0g-
55,rbdk86h4jy5
55,p9tjnsgnq61
55,hcvtf9flh5y
55,_ctbe6mny42
55,-9z7bsth_b5
56,jyyd58k-swe
56,ylm7425vhvb
56,n06dea4pmv8
56,4v3uk02ykw1
56,dqzme0hjfxu
57,6bjnbfzgbg7
57,_tt46eplkwd
57,p7plvmje550
57,1mblulu27lv
57,_4uuxv1fj5a
58,9bwumdsdzm0
58,_js79b0prmb
58,m1nhvu5cwnu
58,5915jqp37vq
58,snbe5-r7gqn
59,41sxef7vnhk
59,czg2rarbyme
59,r05p55hrtds
59,9a_jn_nyd7c
59,5j_a3c692km
60,hwmdjrpq_ve
60,t7ylkgm4_wm
60,y6-ndwyuc99
60,qu0x1uymu7v
60,e6_djydtt5t
61,q8lzd6g2fpv
61,wknhuw9n_qw
61,se31cq6m6an
61,q3-s32wm_50
61,py977p7sbx6
62,_qq5wjvjwrb
62,u8_hz1s3r_c
62,2z7xj9j0a_t
62,e762yhsq2fb
62,fzg51_vph69
63,9m-w3vkuhvd
63,9b1-ck03gg_
63,4bja8_g1rbh
63,j3saaz1sy05
63,rkmhhnqdf2m
64,s7g2hvwgekx
64,zbvcys04sdk
64,51g23t6e45_
64,e22h9u22m-6
64,xg8jwb9c0m_
65,7kdfxfguhda
65,-dfy1s7a9us
65,4bs179p__ma
65,1w3yutkebh2
65,35hzn694g_5
66,dj33axg22mj
66,3he-tgab_4u
66,mkbu288sygb
66,yex80bpwxjl
66,q04bxvrhyza
67,k6b621rde8f
67,2yvmprqbsk7
67,20mv7zm7e4k
67,9w39ya7haey
67,63t9_9bcduc
68,k11kca-emyw
68,6ssm1habq8a
68,qmbh_9cjgfx
68,740mgee3ks9
68,2yzvc9p02vz
69,fdkgxgp542y
69,taehz3y_kam
69,1shqyng_d47
69,z9r24-tcxy2
69,rprwc2q0wr2
70,nct7fenscz8
70,w9_me_d_v0k
70,4tg12740pq1
70,dw63402pw8l
70,h688vaxmklk
71,zgxmqsen78h
71,tj-p4fpv3gp
71,jsg3m76upzt
71,ft5xc-zhjtj
71,5dnr0bh_fxc
72,h-l5ydfyz7_
72,2f9djc6n14-
72,l_lfl_212l1
72,f_vsyw58zb5
72,xsh9mdh6az7
73,sxsc429_d8_
73,vbwnzb9lf9h
73,mnkw2k46met
73,vx42bu6-0qt
73,p0tk8l-4fbf
74,r4r8p4dh46d
74,kfy0xefg4l0
74,bd6u237fea4
74,1lhe99nsvr3
74,rb9-cpc0jw1
75,9n3n5ajwmps
75,lz2j74f5alv
75,0hz637h329z
75,-ms0gylwa6a
75,j7ywbxd1tkh
76,7_m3krw5ns2
76,gv23h0zaa8t
76,5lwma41x1dp
76,xax33c7w23r
76,vba3u0xnxvt
77,_-m6wk1a4hp
77,308b-fpadet
77,ax8xbe4wqrg
77,1cwxzcjzf_2
77,bvx6ccthuep
78,-ldzkjfq41k
78,0nege8b1sf6
78,wnzf5c6m4lk
78,seaxthqgyj0
78,ex-2jd3-xm3
79,-l48c99q93m
79,ytvchzbuwbx
79,4b3rmkw0hmh
79,uddrxh8j416
79,ttxq1nu73p9
80,8n5v1w3g-hz
80,ksb3dnnzwex
80,eqduktu5xem
80,jax0q8gs6a5
80,_5mw_6984y-
81,h256bhsvju4
81,re5r7md2hum
81,9jzcpqff29_
81,8p8ya8qjk1b
81,z2hahba43uf
82,2wz5vzxw71s
82,hv-dxyz9a29
82,-4ujvdhfd50
82,u-y77sd2ld4
82,u4w2rb3yw2v
83,3anpuy972_1
83,4wpxettx6np
83,w9awwtst3-k
83,21cw5v06sfj
83,8mx682y_42t
84,4x1j3gbhrey
84,lrp16mgrpqq
84,wgt7emp9xlp
84,_buc15e4t-v
84,zmeurrv_mp9
85,gubtg8n5w2a
85,vvcw0m2ykwr
85,_4n640ft3zb
85,9_mknmyv4_3
85,y67qk__gy1_
86,eccqwh3rzp_
86,ft89phq9b7x
86,xe9pn0bbxfm
86,p22qly7dyp3
86,7_73-d_xwtw
87,5zy3ezx0ch2
87,d3cu485lyf5
87,6gjs4yu5j54
87,furxvxjy_q9
87,_20j5-8cve-
88,qxg5906akma
88,v90s856fcmg
88,57r7f_mecjx
88,097mrmztuj1
88,kh1z8-04fce
89,p62pkwe1e8a
89,p1fw3a0gkwm
89,7sg4axbs9ru
89,27mvmyyc697
89,92nwsl6td2x
90,hx6yu13qwq7
90,nzeqk_jp0d4
90,w058-8n9442
90,h6mab7581wf
90,px-p0v24ehw
91,0vwbl38ev03
91,3mpq9j4z1za
91,d5mychy059q
91,0s23865jbub
91,c4nwkzl2ggu
92,6azrvl8t1zz
92,nanaw_das4_
92,nu871_82cz2
92,kr3m20_t45j
92,qw381l2p5p8
93,3e1z4yb5x7w
93,gsw_2xpxa00
93,fdm8j33cb10
93,cwll2h-1y64
93,2jjp2l0-wlf
94,0xdwg66fgtp
94,twxje9e46hk
94,g4a5g2nw4c6
94,93tcbetj5y8
94,t9m93xqg0ej
95,n7tl4sr737h
95,a2dutg8j888
95,l62zjy55xr8
95,rtgztbzsxu7
95,qyvg-gv_ngp
96,fdz_-a4-ap_
96,aj4xn9c-bej
96,wwhuwe1j7gg
96,6j46qau8szf
96,huedfkz9jr-
97,82xm2fpvtq5
97,qxk6b14b2cw
97,x1djvzu39uv
97,cusp_tdflyr
97,fe13a8_8vza
98,670ckkk38hm
98,1elflmansdm
98,hn-2l415pyc
98,hqs5kd0atq0
98,c__6yzplunr
99,ch7d42d5dqn
99,l4hlm2bsyz2
99,g_cx2847b95
99,mp3f3tx3k0a
99,1yqnx3r1kf8
100,z_cut1t0ghp
100,k1p2andun4f
100,qka8v7khzvm
100,puue9285nx2
100,3ry7l3ndgmz
101,gv_bc-bu28_
101,f9jjkl02kae
101,xug7--uew7h
101,kn2h4tsdahn
101,d2z8x5jlg5w
102,tpch0lhz1zb
102,rczul8gj0jd
102,rel2tu08v79
102,dbc7m1ku3y4
102,a2gg3x7wcp6
103,pts-81gb_6z
103,j98vlh_8u3x
103,cu5lteswtld
103,q6zv4mva60d
103,fylhsr6l_c2
104,_l2wz6sszc5
104,j480xdzc0la
104,1vkp9c803k_
104,0dc6hxxu6v0
104,588gcy1zj-u
105,t9asmrg0uud
105,mjw4t0vsanj
105,gldmqq2rnfv
105,xcd8_zyhpjt
105,hna_tav_6uu
106,kwl1he481-b
106,fbvrmud3tv2
106,4d0jf70jva0
106,72zg18y0f9u
106,wtnabf3bqg1
107,0uayrmf0wvm
107,x4_zx0a5vse
107,1h84sw2smwu
107,l0m25ag0z-x
107,patwbhyzglr
108,lsfndgh5xb9
108,zt4vdempf-6
108,95zt8g3rjxe
108,scb7ss-2rgm
108,20360uuutdm
109,7y-2r5v8rcq
109,73auj9f2rl9
109,9e6ch2a7pct
109,h8chgbwwykx
109,5br8fxy8bq0
110,9jz0ppf5fd0
110,pk4p4mafxxk
110,qu10dlm6_6c
110,26qtn-89g_7
110,rbum-_5ekqt
111,1eg7sv6au4g
111,x9gp576urrs
111,yqlbv3c7z-w
111,lrll_trd9k2
111,gwxk_ml5l2s
112,4p2marbyucm
112,183ld36cyqg
112,069t-6y_8_j
112,6wr8y001a62
112,qed3muvgdyy
113,debbpqzhzck
113,vzxgvx1lnwg
113,nzw0h65ucze
113,t4__cdmpq3k
113,q-sg1cpxfnf
114,llypt80rsjx
114,aqqassubx-9
114,07tfjbspn1x
114,0d15238_w0_
114,a9snu39y0rr
115,cyvevj8hg8g
115,xe8r914pr03
115,123ahfhlz6e
115,dtfcggqsksm
115,9fqjke2nepr
116,levm2tknuz1
116,v02qphjw558
116,_nh845j-pgx
116,jc-nc0xmbg2
116,eumu38yw70l
117,by7-cen1f26
117,4texty3mxh6
117,u1z4fut-2w6
117,61ec8-e-z1u
117,n9agv7dv_77
118,-5b_bplla6s
118,bc8k5602h0-
118,5nwxaujkhb5
118,bv7n5mwml-4
118,kzm6rlbgjgl
119,4w-c84samsg
119,zrkw6pbmn-s
119,f-0_5bz73bw
119,ckthf5jvrj2
119,7f3e4dsdc04
120,4xj6-9fxdd3
120,qldyvw2sczx
120,x2723j_5b3n
120,p4ll_p59ne3
120,_70wbqpsjjm
121,-4we-teapvf
121,qtehgksvgyd
121,99cu8sz_ylg
121,bsgw7wtp8nk
121,nnyskn968zs
122,hs2-007d-6v
122,w8akka045pu
122,tze85a2_9h3
122,dh0t5jr65d-
122,s4wx9vxzhjw
123,zmbbepku91_
123,6yse8-pl05b
123,vun5hq8jybc
123,bnek367803_
123,bc6szlwwf-d
124,sja4nmxhgx_
124,2v043gv3mtm
124,lnh97c75gad
124,q0yfz4g_dg8
124,1swbwryenvt
125,g39rpjhwqlh
125,hzj1eec7078
125,vaf4-ny5ul9
125,p9z_k6ef-uz
125,_6zaeqhg6s5
126,_rgx9wnz3fr
126,ytke9mebprg
126,hhk9js3bpuj
126,gmxn_xt-n64
126,21w82eau34p
127,z5rzh5ul7q7
127,ttej4ylm3q-
127,tf2a5tkelby
127,368d_-7w1h_
127,3f_fn18vp42
128,t7nlkfa4gng
128,m7_2dqk0hd3
128,3p7mlc26b9a
128,7pun1a8br-b
128,bu0vz-mty0r
129,t_l8a9h66sg
129,2z8hp80ajn8
129,jbaxlde8cx2
129,2h_h7f_fdn4
129,p73tt4rzm7-
130,a_kh104adxy
130,ha5df7se0h6
130,pv-7367ctzc
130,7vgjuh26hvb
130,kesv22crxpk
131,v8va6p4nnfl
131,q99q8_8h156
131,5zjbku8-ab4
131,41c5seltrfk
131,hvw55swhd8d
132,f3kplbw90e0
132,4_t3kztjak0
132,-y2tg10bba8
132,dnsytktnyam
132,9-063qnlecf
133,5qak6hyetpc
133,vclzxq33s80
133,lhcuvqc3uun
133,xqeh2wqd4ew
133,w2txen-xp77
134,da7fykkv6nu
134,t9xz14bn12l
134,a19msndb-l_
134,_fy8hydfxgz
134,gkth69pcj9v
135,efnb1eke5jh
135,z4p1p7z3prj
135,7hfq63ulm77
135,02g98esw1t6
135,s-uw1qy1ty4
136,p_uknp5cp0z
136,s5guk1jcbsz
136,e9pehr6zd15
136,nb94bapn7qb
136,rwq2rr4mlf1
137,d_d-hgeaaxn
137,e5nrb0dl04k
137,4a15d-zv53d
137,wbqfgd7bvp9
137,vm-hlh_5s9f
138,f61jfjp0pvp
138,06la5za4v77
138,12tw21xp0vr
138,xp1paar9-5c
138,wqz58_6sl48
139,lsr_qs-1f_y
139,2f7mmm9wuja
139,g1vsm_hutnb
139,m_5xr6swam6
139,d3vwupdsle9
140,_0uv5g8hf-y
140,rkvh-ca495w
140,h_ye14yf30d
140,ql1_ej80b8c
140,xcbubh-sptn
141,vz4nkkd5_kz
141,1basb9u54xm
141,6p0rtaz_6uj
141,ba3h0fk6gnb
141,d6a9hv72s-p
142,_u8u5qs_76j
142,mv_lhxrj6jb
142,rl3hvq97n17
142,klcn6m89888
142,5lcqkrxpcy2
143,vbap_c9lw5_
143,npyenn1e16l
143,e1jp3arp259
143,dxzewf3cut8
143,vazznwb2fgf
144,bru454la_7f
144,5aq4mdy6-uw
144,re52t_u0jtd
144,7-4e_vsca1g
144,5nbyc4j6dfv
145,q59ganmvw4c
145,9nvk3ucp9p_
145,xw3_wcuxqxh
145,hp1wwezl2yl
145,1mxgvcm6245
146,jgm1hye2ajy
146,sexre6fnq2d
146,cwvll2p0028
146,-uue8k6zt6e
146,7l17-_v69r9
147,3ydxj_fdfyc
147,l583vdfq80v
147,uawedavvy1u
147,45efd2l9t_0
147,t47mcbpwkky
148,gl56a2ahx3t
148,5wz8x0ammy5
148,8l88ygwrqg3
148,x0zwpgh43f7
148,8l_v9hfrdph
149,g158h4uq-gy
149,rfwtrldpl4s
149,6c7nxh8_acw
149,syqj3k-kkf2
149,pzxm8j8fepg
150,94rlduu2kf6
150,-qq7x63jr0v
150,fpfclkemlk5
150,hc-z0tcn79v
150,txanqfdnqft
151,lwfepr0bkkj
151,x4-k7eatsme
151,434d-_n1zsl
151,r-pvdj7gnqm
151,xcf40pmamjh
152,jqk6hytwlyc
152,hevxx6hzszu
152,kfctu1qf88p
152,-80qgfyc59t
152,qnmkyz64qay
153,-wbvtx4etdq
153,ey5j-80ss3v
153,76fm8-_6rbl
153,zm49pd-sgx1
153,2t6kn18y422
154,bzpytqdass7
154,ccd-q_2p38f
154,u52s-q3n5xm
154,6_hz9t80fv1
154,xgqh2wrv_65
155,ab9gpgt2rl0
155,c0gc0z8m03z
155,31uc6wuqgu4
155,3gc-0z3xfe9
155,62g_b4k3sp6
156,-ae8nh53f1-
156,-_ryyed6j4n
156,l0gh2_0swh_
156,p35_nt26rxj
156,t-5d297nw2x
157,ger9_0w3z9g
157,hdvdu7s-akl
157,mmzap8h1ecy
157,c60kv-bbkd0
157,q90se8yk7-s
158,gkvl7jmp3-k
158,rgr9jmydar0
158,aze80qraw6g
158,ca_cmvcuczf
158,mf313lhb067
159,jfplz919_ht
159,-buxu4zf2zd
159,zl8b1_nt60y
159,-kns2c2lhpr
159,yll6f03wdr5
160,qnges63v_7k
160,fgbvendf8rr
160,nnglbjkbk68
160,56w4pnntd9m
160,-9ls3uzct7l
161,mfkl810av0e
161,u9ejf8v3nuf
161,xmswe71sm41
161,48x1whmr1un
161,zahqfcwu3uu
162,945tc4-3rvx
162,0c-4mj1ky5l
162,kw8zz7vjf96
162,1su89hznef4
162,rg833j8kbw6
163,ps07v3_107d
163,l9ugbul_8gg
163,_dnfu9a8svl
163,31q4f5adgad
163,jh0ysm7evv7
164,ka_7c79dwtv
164,8mq43zyw4n-
164,up5p_t8cd43
164,4tyag22np4x
164,n6arsxcqq9d
165,yj1gx4zxjny
165,w-dt4v2qp5c
165,gul46utp07w
165,pbphn6gxgd6
165,jz6a44f5qy4
166,8bl820eyw86
166,ysslcq_tv22
166,m2elkt5g_8s
166,-6pm97n2ar5
166,bx6a_cz_4n1
167,z5utkbcwp1_
167,4t-fbtj4kb5
167,nx17s6gwdnb
167,156rx8z5m7f
167,f7k_ky4kmnz
168,fcz3qj00jc4
168,70tj4cada69
168,5pek757w24s
168,10juadz2e6f
168,mbxjbb1p2kg
169,5vkb315p741
169,zhu03-xrrgz
169,_pl1d0dkgmy
169,hed8592jvjp
169,l_y6-jyq0eb
170,hx57keq0z69
170,5y_yuxmkh47
170,yd4bye46x79
170,u9cwsyn_wvu
170,-rc9pz_ukl9
171,n7fmrb70hm6
171,66pz7h0qc43
171,vrtjqmk_zfq
171,z-em-xqtzyj
171,-6hwyewy_nk
172,ym1ynx_vvb2
172,mgdb47rglyf
172,s8s55jwz75h
172,mzkbuhyhd06
172,fp23xj8y2l4
173,u-3ssjt3_19
173,1t3_yz5zp1p
173,-zlf001vs1y
173,rk3fssx9vg5
173,9xk0q3je3-m
174,nq314-f6_0z
174,5b2z-fvvzm-
174,4fr0bdstadj
174,f885yd45xph
174,z6dc73af5w6
175,3wcxr1le90t
175,h5_nwejbldl
175,k1s_rulp-ee
175,yu8_u02s2z0
175,m9xjedf8atr
176,wb9ka1a1qlm
176,rx1j3k-wamw
176,vlhk4yr69vc
176,zdm70j-6svx
176,_0rsxab63az
177,ktgm6kptbck
177,85r6az-lsnc
177,11wefjj4ttl
177,dphwk-cyyxa
177,swkun_u42_e
178,m-u-9tfq903
178,x8rp99smtpd
178,2ub29lwlrmu
178,_cc3n46-sdg
178,fc4s5wqy0a-
179,qcbc3qyt2-t
179,bzemjbf7f15
179,bp-ndvv0z94
179,brkumy2ckq9
179,-szfd8la6lg
180,18xxm33g-1v
180,-050vcc2x29
180,lfnl1nla7f2
180,7z0bvlq12w2
180,491_hxwfh5m
181,jfw11srucxu
181,sgxj7vk3zlq
181,0278vtt5yq5
181,d1ecmq_fez9
181,t79x6ywsbyc
182,gcwr_1qu715
182,800vey95eh8
182,ka5stjrpr04
182,_nerygn_bha
182,z54xg_c229w
183,8p45upj547g
183,h6q7rahqezp
183,g54x9fc6csz
183,89jw5l1hc_q
183,ldpejb54pam
184,hna2bqdxz_8
184,u0j0b14t8pz
184,d4s95s9y1ub
184,qqp73wt76kj
184,kqcfh-6jnnl
185,ag60hm6ftf5
185,41a47-67uvt
185,ll_hyp044gb
185,e_0ryuy8k6v
185,mg9wjx5_y39
186,5ta-3czd559
186,5eqk1err_l8
186,4l14ukyk3jw
186,7ffn5knhulz
186,04711-4utrp
187,m5xdufllqph
187,wzl5b1gefv_
187,hav-6a_6a-t
187,q8bw1-rdcjc
187,w5uzpja47ey
188,t3d_wm0mjfl
188,gl29h7n93rc
188,342ckbszk0a
188,1mw10a9pne7
188,56-a8y5h8e5
189,zgv2v-je-ec
189,gn-sjyh5-6u
189,1czzebayqbd
189,-suwuwecvwd
189,g9ngk8bhmyf
190,8l_u02nv3xh
190,hx4694a5bh4
190,r3h7rm92_62
190,t5-jlrb_0pz
190,c8pz1scwyzc
191,10tj-yv4tku
191,dn9u6_lynql
191,ylm45cwakl0
191,7v7wd8emja1
191,1393wu7kgmw
192,hgjye_p9gjk
192,zd1zefsa_ds
192,f1y3hghbxag
192,j1mm3q2nult
192,_d5ax3179_s
193,mb2n0mwdjh0
193,hfqsu99-b4a
193,l3sw9_l8r80
193,f8m4dsywh0r
193,avszlvcghmv
194,42n0ly-9yc5
194,h7dw4np37r7
194,bct2kwszw75
194,ecr_92sduft
194,3elne57v00u
195,r1y31cpkkd0
195,pkm6xdgcqb3
195,_hyyg4hy8l_
195,bd_j39la24k
195,qjapa1uk8mn
196,qfd9r-ru3uv
196,skqultnjxk_
196,0c9y5jyc4hk
196,hk73fq7vql8
196,u77wl-_56g-
197,y2_4k5m49y7
197,9kcrv0vuhhs
197,0ulv-wg581h
197,51yys4959rm
197,fmjgrug9fth
198,kcavzp8bv8p
198,zbknrdhv1fl
198,4an3_4br1lr
198,1mgmgdw21e_
198,zfurpr64-u3
199,5agdkh61deu
199,pq0fe-r3c3n
199,gf-jq5ly_wq
199,7rees5-ks7p
199,rsue4u0-vl5
200,43d012epps6
200,8_h_nebf6v2
200,dgywh63zrg8
200,k26-z5841pz
200,6cw97s44dke
